{
    "music_disc.recairei": {
        "sounds": [
            {
                "name": "records/recairei",
                "stream": true
            }
        ]
    },
    "music_disc.mototaxi": {
        "sounds": [
            {
                "name": "records/mototaxi",
                "stream": true
            }
        ]
    },
    "music_disc.boateazul": {
        "sounds": [
            {
                "name": "records/boateazul",
                "stream": true
            }
        ]
    },
    "music_disc.gostavatantodevoc": {
        "sounds": [
            {
                "name": "records/gostavatantodevoc",
                "stream": true
            }
        ]
    }
}